{
    "1": [
        {
            "image": "f1_boss.png",
            "bounds": [[-65, 70, -3], [-19, 90, 45]],
            "widthInWorld": 46,
            "heightInWorld": 48,
            "topLeftLocation": [-65, -3]
        }
    ],
    "2": [
        {
            "image": "f2_boss.png",
            "bounds": [[-34, 54, -35], [18, 100, 15]],
            "widthInWorld": 52,
            "heightInWorld": 50,
            "topLeftLocation": [-34, -35]
        }

    ],
    "3": [
        {
            "image": "f3_boss.png",
            "bounds": [[-33, 64, -34], [35, 118, 37]],
            "widthInWorld": 68,
            "heightInWorld": 73,
            "topLeftLocation": [-33, -34]
        }

    ],
    "4": [
        {
            "image": "f4_boss.png",
            "bounds": [[-37, 53, -37], [47, 114, 47]],
            "widthInWorld": 84,
            "heightInWorld": 84,
            "topLeftLocation": [-33, -34]
        }

    ],
    "5": [
        {
            "image": "f5_boss.png",
            "bounds": [[-35, 53, -5], [45, 112, 82]],
            "widthInWorld": 80,
            "heightInWorld": 80,
            "topLeftLocation": [-35, 2]
        }

    ],
    "6": [
        {
            "image": "f6_boss.png",
            "bounds": [[-31, 51, -5], [13, 110, 94]],
            "widthInWorld": 44,
            "heightInWorld": 99,
            "topLeftLocation": [-31, -5]
        }
    ],
    "7": [
        {
            "image": "f7_boss_end.png",
            "bounds": [[14, 161, 115], [42, 189, 153]],
            "widthInWorld": 28,
            "heightInWorld": 38,
            "topLeftLocation": [14, 115]
        },
        {
            "image": "f7_boss_s1.png",
            "bounds": [[33, 213, 11], [113, 255, 86]],
            "widthInWorld": 100,
            "heightInWorld": 75,
            "topLeftLocation": [33, 11]
        },
        {
            "image": "f7_boss_s2.png",
            "bounds": [[19, 160, -1], [127, 212, 107]],
            "widthInWorld": 108,
            "heightInWorld": 108,
            "topLeftLocation": [19, -1]
        },
        {
            "image": "f7_boss_s3.png",
            "bounds": [[-3, 103, 29], [111, 159, 143]],
            "widthInWorld": 114,
            "heightInWorld": 114,
            "topLeftLocation": [-3, 29],
            "renderSize": 64
        },
        {
            "image": "f7_boss_s4.png",
            "bounds": [[-3, 54, 19], [111, 102, 133]],
            "widthInWorld": 114,
            "heightInWorld": 94,
            "topLeftLocation": [-3, 19]
        },
        {
            "image": "f7_boss_s5.png",
            "bounds": [[-5, 0, -5], [131, 53, 142]],
            "widthInWorld": 136,
            "heightInWorld": 147,
            "topLeftLocation": [-5, -5]
        }
    ]
}