{
    "newUser": false,
    "version": "2.9.5",
    "commands": {
        "/p list": 128,
        "/locraw": 1995,
        "/pets": 84,
        "/fl": 15,
        "/f list 2": 7,
        "/pl": 3,
        "/chat p": 1,
        "/bz": 19,
        "/warp dhub": 3,
        "/wardrobe": 3,
        "/equipment": 1,
        "/eq": 2,
        "/p warp": 4,
        "/gfs wishing_compass 2": 2,
        "/gfs WISHING_COMPASS 2": 2
    },
    "wordbank": {
        "2": 16,
        "p": 216,
        "list": 151,
        "locraw": 1995,
        "pets": 84,
        "fl": 16,
        "f": 7,
        "whisper": 8,
        "makali": 2,
        "warp": 14,
        "party": 2,
        "accept": 1,
        "pl": 3,
        "chat": 1,
        "is": 4,
        "bz": 24,
        "dhub": 3,
        "wardrobe": 3,
        "ewaan819": 8,
        "exaltedjackg": 1,
        "equipment": 1,
        "eq": 2,
        "R": 2,
        "r": 23,
        "no": 1,
        "m7": 1,
        "": 9,
        "gfs": 6,
        "wishing_compass": 2,
        "WISHING_COMPASS": 2
    },
    "world": "none",
    "tier": 0,
    "lastMsg": "joe",
    "vision": false,
    "skins": [],
    "playtime": 1845,
    "lastDay": 14,
    "whitelist": [],
    "blacklist": [],
    "dianalist": [
        "hub",
        "da",
        "castle",
        "museum",
        "wizard"
    ],
    "moblist": [],
    "colorlist": {},
    "emotelist": {},
    "cdlist": {},
    "valuelist": {},
    "spamlist": [],
    "ignorelist": [],
    "prefixlist": [
        "?"
    ],
    "attributelist": [
        "breeze",
        "dominance",
        "fortitude",
        "lifeline",
        "magic_find",
        "mana_pool",
        "mana_regeneration",
        "mending",
        "speed",
        "veteran",
        "blazing_fortune",
        "fishing_experience"
    ],
    "widgetlist": [],
    "WGL": {},
    "chocolate": 0,
    "chocoProduction": 0,
    "chocoLast": 0,
    "chocoTotal": 0,
    "chocoAll": 0,
    "chocoPrestige": 0,
    "dupeEggs": 5,
    "totalEggs": 0,
    "files": [],
    "splits": {
        "last": [
            0,
            0,
            0,
            0,
            0
        ],
        "best": [
            999,
            999,
            999,
            999,
            9999
        ],
        "worst": [
            0,
            0,
            0,
            0,
            0
        ]
    },
    "vanqSession": {
        "vanqs": 0,
        "kills": 0,
        "last": 0,
        "average": 0
    },
    "inqSession": {
        "inqs": 0,
        "burrows": 0,
        "last": 0,
        "average": 0
    },
    "kuudraSession": {
        "profit": 0,
        "chests": 0,
        "average": 0,
        "time": 0,
        "rate": 0
    },
    "composterUpgrades": {
        "Composter Speed": -1,
        "Multi Drop": -1,
        "Cost Reduction": -1
    },
    "apexPrice": 2000000000,
    "dianaKey": 0,
    "pauseKey": 0,
    "devKey": 0,
    "recipeKey": 0,
    "bindKey": 0,
    "chunkey": 0,
    "wardKey": 0,
    "wardBinds": {},
    "slotBinds": {},
    "bindPresets": {},
    "AL": [
        15,
        300,
        1,
        false,
        false,
        true
    ],
    "BL": [
        15,
        400,
        1,
        false,
        false,
        true
    ],
    "CL": [
        15,
        250,
        1,
        false,
        false,
        true
    ],
    "DL": [
        10,
        180,
        1.2,
        false,
        false,
        true
    ],
    "EL": [
        100,
        150,
        1.1,
        false,
        false,
        true
    ],
    "FL": [
        220,
        10,
        1.2,
        false,
        false,
        true
    ],
    "GL": [
        15,
        200,
        1,
        false,
        false,
        true
    ],
    "HL": [
        10,
        240,
        1.2,
        false,
        false,
        true
    ],
    "IL": [
        15,
        500,
        1,
        false,
        false,
        true
    ],
    "JL": [
        150,
        180,
        1.2,
        false,
        false,
        true
    ],
    "KL": [
        100,
        350,
        1,
        false,
        false,
        true
    ],
    "LL": [
        50,
        350,
        1,
        false,
        false,
        true
    ],
    "ML": [
        15,
        450,
        1,
        false,
        false,
        true
    ],
    "OL": [
        10,
        130,
        1.2,
        false,
        false,
        true
    ],
    "PL": [
        15,
        500,
        1,
        false,
        false,
        true
    ],
    "QL": [
        15,
        200,
        1,
        false,
        false,
        true
    ],
    "RL": [
        600,
        175,
        1,
        false,
        false,
        true
    ],
    "SL": [
        15,
        250,
        1,
        false,
        false,
        true
    ],
    "TL": [
        15,
        300,
        1,
        false,
        false,
        true
    ],
    "UL": [
        15,
        450,
        1,
        false,
        false,
        true
    ],
    "VL": [
        15,
        250,
        1,
        false,
        false,
        true
    ],
    "WL": [
        730,
        130,
        1.2,
        false,
        false,
        true
    ],
    "XL": [
        224,
        308.57142857142856,
        1,
        false,
        false,
        true
    ],
    "YL": [
        770,
        165,
        1.2,
        false,
        false,
        true
    ],
    "ZL": [
        100,
        450,
        1,
        false,
        false,
        true
    ],
    "BCL": [
        180,
        10,
        1,
        false,
        false,
        true
    ],
    "CDL": [
        190,
        115,
        1.2,
        false,
        false,
        true
    ],
    "CEL": [
        375,
        275,
        3,
        false,
        false,
        true
    ],
    "CFL": [
        180,
        130,
        1.2,
        false,
        false,
        true
    ],
    "CGL": [
        625,
        70,
        1.2,
        false,
        false,
        true
    ],
    "CPL": [
        575,
        160,
        1,
        false,
        false,
        false
    ],
    "EQL": [
        905,
        65,
        1.2,
        false,
        false,
        false
    ],
    "FHL": [
        580,
        160,
        1.2,
        false,
        false,
        true
    ],
    "PDL": [
        580,
        460,
        1.2,
        false,
        false,
        true
    ],
    "PHL": [
        170,
        160,
        1.2,
        false,
        false,
        true
    ],
    "SDL": [
        170,
        180,
        1.2,
        false,
        false,
        true
    ],
    "TVL": [
        600,
        150,
        1.2,
        false,
        false,
        true
    ],
    "fairySouls": {
        "Hub": [
            [
                -20,
                90,
                -12
            ],
            [
                -60,
                108,
                3
            ],
            [
                -50,
                132,
                32
            ],
            [
                -56,
                161,
                43
            ],
            [
                -39,
                191,
                34
            ],
            [
                -3,
                193,
                32
            ],
            [
                2,
                181,
                31
            ],
            [
                10,
                179,
                22
            ],
            [
                -207,
                100,
                66
            ],
            [
                -214,
                103,
                89
            ],
            [
                -252,
                132,
                51
            ],
            [
                -261,
                56,
                115
            ],
            [
                -229,
                123,
                84
            ],
            [
                -191,
                102,
                109
            ],
            [
                -245,
                75,
                149
            ],
            [
                -259,
                114,
                85
            ],
            [
                26,
                80,
                -65
            ],
            [
                40,
                68,
                -65
            ],
            [
                -34,
                67,
                -150
            ],
            [
                -21,
                79,
                -166
            ],
            [
                -187,
                92,
                -104
            ],
            [
                -16,
                66,
                -110
            ],
            [
                23,
                79,
                -134
            ],
            [
                -262,
                102,
                67
            ],
            [
                -260,
                96,
                48
            ],
            [
                -233,
                86,
                84
            ],
            [
                -48,
                76,
                49
            ],
            [
                40,
                108,
                78
            ],
            [
                49,
                121,
                69
            ],
            [
                43,
                152,
                73
            ],
            [
                57,
                90,
                79
            ],
            [
                110,
                67,
                58
            ],
            [
                155,
                62,
                28
            ],
            [
                132,
                144,
                114
            ],
            [
                82,
                61,
                196
            ],
            [
                113,
                102,
                106
            ],
            [
                148,
                112,
                88
            ],
            [
                149,
                116,
                115
            ],
            [
                111,
                120,
                127
            ],
            [
                96,
                106,
                121
            ],
            [
                86,
                89,
                66
            ],
            [
                -195,
                55,
                153
            ],
            [
                -152,
                67,
                123
            ],
            [
                87,
                77,
                43
            ],
            [
                44,
                68,
                -34
            ],
            [
                -53,
                70,
                -100
            ],
            [
                -6,
                66,
                -179
            ],
            [
                34,
                72,
                -162
            ],
            [
                -142,
                77,
                -31
            ],
            [
                -208,
                70,
                -80
            ],
            [
                72,
                71,
                -190
            ],
            [
                -94,
                72,
                -128
            ],
            [
                9,
                75,
                13
            ],
            [
                176,
                64,
                42
            ],
            [
                154,
                98,
                -71
            ],
            [
                104,
                77,
                -133
            ],
            [
                -24,
                88,
                -63
            ],
            [
                -183,
                80,
                29
            ],
            [
                -133,
                74,
                133
            ],
            [
                48,
                78,
                81
            ],
            [
                43,
                120,
                70
            ],
            [
                -81,
                70,
                -88
            ],
            [
                -49,
                90,
                -72
            ],
            [
                22,
                132,
                25
            ],
            [
                -166,
                79,
                93
            ],
            [
                -225,
                72,
                -21
            ],
            [
                -32,
                71,
                21
            ],
            [
                180,
                63,
                -15
            ],
            [
                147,
                53,
                88
            ],
            [
                168,
                60,
                -36
            ],
            [
                162,
                46,
                69
            ],
            [
                70,
                90,
                -149
            ],
            [
                138,
                66,
                129
            ],
            [
                72,
                70,
                -99
            ],
            [
                169,
                60,
                129
            ],
            [
                -248,
                74,
                125
            ],
            [
                -33,
                76,
                -213
            ],
            [
                -92,
                59,
                -138
            ],
            [
                30.5,
                80,
                -93.5
            ]
        ],
        "The Farming Islands": [
            [
                96,
                96,
                -287
            ],
            [
                182,
                99,
                -235
            ],
            [
                183,
                99,
                -305
            ],
            [
                126,
                91,
                -304
            ],
            [
                99,
                112,
                -275
            ],
            [
                143,
                90,
                -243
            ],
            [
                155,
                23,
                -204
            ],
            [
                111,
                63,
                -447
            ],
            [
                263,
                177,
                -565
            ],
            [
                138,
                72,
                -587
            ],
            [
                273,
                141,
                -467
            ],
            [
                387,
                78,
                -365
            ],
            [
                261,
                133,
                -348
            ],
            [
                145,
                77,
                -374
            ],
            [
                254,
                70,
                -493
            ],
            [
                193,
                66,
                -468
            ],
            [
                279,
                112,
                -541
            ],
            [
                271,
                56,
                -361
            ],
            [
                152,
                67,
                -361
            ],
            [
                150,
                60,
                -448
            ]
        ],
        "Gold Mine": [
            [
                -11,
                76,
                -395
            ],
            [
                -19,
                142,
                -364
            ],
            [
                -37,
                78,
                -308
            ],
            [
                -62,
                104,
                -289
            ],
            [
                -26,
                94,
                -340
            ],
            [
                17,
                86,
                -312
            ],
            [
                21,
                36,
                -320
            ],
            [
                -23,
                113,
                -353
            ],
            [
                -44,
                100,
                -344
            ],
            [
                -47,
                75,
                -298
            ],
            [
                -1,
                80,
                -337
            ],
            [
                19,
                57,
                -341
            ]
        ],
        "Deep Caverns": [
            [
                22,
                156,
                -42
            ],
            [
                3,
                152,
                85
            ],
            [
                71,
                167,
                -12
            ],
            [
                -2,
                255,
                -1
            ],
            [
                3,
                182,
                50
            ],
            [
                9,
                170,
                44
            ],
            [
                57,
                161,
                19
            ],
            [
                -18,
                163,
                26
            ],
            [
                29,
                149,
                14
            ],
            [
                -35,
                127,
                28
            ],
            [
                44,
                98,
                23
            ],
            [
                -11,
                102,
                -16
            ],
            [
                18,
                74,
                74
            ],
            [
                0,
                65,
                57
            ],
            [
                -40,
                72,
                0
            ],
            [
                -8,
                74,
                -44
            ],
            [
                -60,
                37,
                52
            ],
            [
                -21,
                25,
                72
            ],
            [
                3,
                14,
                51
            ],
            [
                -71,
                13,
                5
            ],
            [
                -76,
                13,
                24
            ]
        ],
        "Dwarven Mines": [
            [
                -21,
                208,
                -59
            ],
            [
                -139,
                220,
                -89
            ],
            [
                -9,
                230,
                -135
            ],
            [
                155,
                189,
                123
            ],
            [
                34,
                102,
                86
            ],
            [
                133,
                104,
                104
            ],
            [
                22,
                127,
                184
            ],
            [
                -110,
                142,
                143
            ],
            [
                -116,
                142,
                154
            ],
            [
                -204,
                131,
                199
            ],
            [
                -53,
                205,
                50
            ]
        ],
        "Spider's Den": [
            [
                -422,
                106,
                -206
            ],
            [
                -336,
                111,
                -253
            ],
            [
                -222,
                74,
                -361
            ],
            [
                -147,
                78,
                -299
            ],
            [
                -169,
                62,
                -289
            ],
            [
                -185,
                135,
                -290
            ],
            [
                -322,
                95,
                -281
            ],
            [
                -294,
                36,
                -274
            ],
            [
                -160,
                62,
                -275
            ],
            [
                -336,
                82,
                -153
            ],
            [
                -297,
                90,
                -169
            ],
            [
                -279,
                127,
                -177
            ],
            [
                -309,
                63,
                -185
            ],
            [
                -301,
                92,
                -171
            ],
            [
                -140,
                85,
                -335
            ],
            [
                -204,
                94,
                -241
            ],
            [
                -203,
                169,
                -320
            ],
            [
                -309,
                66,
                -245
            ],
            [
                -198,
                160,
                -331
            ]
        ],
        "Crimson Isle": [
            null,
            [
                -606,
                154,
                -800
            ],
            [
                -343,
                235,
                -780
            ],
            [
                -31,
                178,
                -907
            ],
            [
                -352,
                191,
                -553
            ],
            [
                -480,
                104,
                -593
            ],
            [
                -346,
                75,
                -552
            ],
            [
                -342,
                101,
                -484
            ],
            [
                -462,
                78,
                -698
            ],
            [
                -361,
                69,
                -425
            ],
            [
                -396,
                108,
                -764
            ],
            [
                -310,
                156,
                -1008
            ],
            [
                -445,
                110,
                -1026
            ],
            [
                -726,
                144,
                -891
            ],
            [
                -380,
                141,
                -1020
            ],
            [
                -79,
                139,
                -779
            ],
            [
                14,
                108,
                -769
            ],
            [
                -106,
                89,
                -883
            ],
            [
                -247,
                44,
                -512
            ],
            [
                -361,
                133,
                -469
            ],
            [
                -721,
                125,
                -811
            ],
            [
                -500,
                127,
                -795
            ],
            [
                -717,
                164,
                -981
            ],
            [
                -412,
                58,
                -935
            ],
            [
                -297,
                81,
                -835
            ],
            [
                -35,
                116,
                -1055
            ],
            [
                -479,
                114,
                -972
            ],
            [
                -644,
                125,
                -689
            ]
        ],
        "The End": [
            [
                -723,
                75,
                -222
            ],
            [
                -609,
                84,
                -230
            ],
            [
                -587,
                48,
                -293
            ],
            [
                -545,
                92,
                -257
            ],
            [
                -492,
                81,
                -275
            ],
            [
                -583,
                208,
                -272
            ],
            [
                -587,
                122,
                -276
            ],
            [
                -517,
                100,
                -295
            ],
            [
                -492,
                21,
                -175
            ],
            [
                -657,
                36,
                -201
            ],
            [
                -696,
                116,
                -256
            ],
            [
                -748,
                106,
                -284
            ]
        ],
        "The Park": [
            [
                -315,
                89,
                -72
            ],
            [
                -294,
                85,
                31
            ],
            [
                -390,
                61,
                -6
            ],
            [
                -357,
                99,
                79
            ],
            [
                -450,
                113,
                -87
            ],
            [
                -471,
                132,
                -125
            ],
            [
                -408,
                122,
                -92
            ],
            [
                -454,
                120,
                -58
            ],
            [
                -404,
                136,
                6
            ],
            [
                -386,
                108,
                -69
            ],
            [
                -370,
                112,
                -118
            ]
        ],
        "Jerry's Workshop": [
            [
                -95,
                77,
                20
            ],
            [
                74,
                109,
                -18
            ],
            [
                -44,
                87,
                76
            ],
            [
                56,
                108,
                64
            ],
            [
                -7,
                108,
                107
            ]
        ],
        "Rift": [
            [
                253,
                123,
                90
            ]
        ],
        "Dungeon Hub": [
            [
                17,
                124,
                -58
            ],
            [
                1,
                137,
                75
            ],
            [
                -139,
                46,
                -1
            ],
            [
                14,
                60,
                99
            ],
            [
                -4,
                21,
                -17
            ],
            [
                -55,
                82,
                -10
            ],
            [
                10,
                164,
                -10
            ]
        ]
    },
    "enigmaSouls": [
        [
            "Tough Bark",
            -15,
            91,
            94
        ],
        [
            "Next to Enigma",
            -27,
            71,
            90
        ],
        [
            "Woods Flower Pot",
            -6,
            60,
            226
        ],
        [
            "Wither Cage",
            -142,
            68,
            174
        ],
        [
            "Pressurized",
            -137,
            51,
            120
        ],
        [
            "Two Plates",
            -129,
            72,
            77
        ],
        [
            "Fleespook",
            -27,
            89,
            136
        ],
        [
            "Up in the Sky",
            -137,
            133,
            156
        ],
        [
            "Between Branches",
            -108,
            117,
            123
        ],
        [
            "Tel Kar",
            -115,
            69,
            61
        ],
        [
            "Lagoon Cave",
            43,
            91,
            56
        ],
        [
            "Mushroom Guy",
            -168,
            81,
            12
        ],
        [
            "Roy",
            -204,
            75,
            49
        ],
        [
            "Spinning Runes",
            -93,
            73,
            36
        ],
        [
            "Hot Dog Contest",
            -102,
            72,
            -103
        ],
        [
            "Fake Neuroscience",
            -34,
            71,
            -88
        ],
        [
            "2 Players Soul",
            -106,
            78,
            -101
        ],
        [
            "Cake House #1",
            -95,
            76,
            -82
        ],
        [
            "Cake House #2",
            -94,
            70,
            -84
        ],
        [
            "Dolphin Parkour",
            -38,
            44,
            130
        ],
        [
            "Between Roofs",
            -88,
            79,
            -102
        ],
        [
            "Farm Flower Pot",
            -76,
            90,
            -149
        ],
        [
            "Beanstalk",
            -106,
            249,
            -149
        ],
        [
            "Buttons",
            -74,
            65,
            -119
        ],
        [
            "Farm Balloons",
            -77,
            72,
            -176
        ],
        [
            "Rabbit in the Hat!",
            -21,
            72,
            -18
        ],
        [
            "Back to Basics",
            -88,
            20,
            0
        ],
        [
            "Buy BZT Today",
            27,
            71,
            -77
        ],
        [
            "Plaza Fleespook",
            42,
            88,
            -91
        ],
        [
            "Plaza Balloons",
            47,
            68,
            -59
        ],
        [
            "Lonely Ävaeìkx",
            -34,
            66,
            -25
        ],
        [
            "Between Cooler Roofs",
            -23,
            84,
            -92
        ],
        [
            "Horsing Around",
            40,
            70,
            27
        ],
        [
            "Behind a Living Wall",
            38,
            63,
            -198
        ],
        [
            "Flowery Message",
            3,
            68,
            -204
        ],
        [
            "Full Circle",
            -161,
            98,
            -72
        ],
        [
            "Standing there",
            255,
            74,
            160
        ],
        [
            "Between Towers",
            262,
            118,
            94
        ],
        [
            "Castle Fleespook",
            182,
            92,
            124
        ],
        [
            "Castle Flower Pot",
            266,
            60,
            145
        ],
        [
            "Castle Balloons",
            232,
            94,
            168
        ],
        [
            "Fairylosopher",
            256,
            130,
            75
        ]
    ],
    "catSouls": [
        [
            "Piece 1",
            -93,
            69,
            112
        ],
        [
            "Piece 2",
            0,
            56,
            63
        ],
        [
            "Piece 3",
            -139,
            45,
            15
        ],
        [
            "Piece 4",
            -62,
            88,
            -81
        ],
        [
            "Piece 5",
            -24,
            72,
            -198
        ],
        [
            "Piece 6",
            38,
            65,
            -118
        ],
        [
            "Piece 7",
            8,
            72,
            -15
        ],
        [
            "Piece 8",
            22,
            43,
            -220
        ],
        [
            "Piece 9",
            152,
            80,
            -14
        ]
    ],
    "blocklist": [],
    "warplist": [
        "hub",
        "da",
        "castle",
        "museum"
    ],
    "y": 0,
    "NL": [
        15,
        350,
        1
    ],
    "profileId": "9a2ffc61-41a3-4da0-9e6e-46ab2441148b",
    "lastID": "9a2ffc61-41a3-4da0-9e6e-46ab2441148b",
    "pet": "&r&6Golden Dragon&r&4 ✦"
}