{
    "first_time": false,
    "version": "0.10.1",
    "power": "Bizarre",
    "tuning": "113✦15☣",
    "enrich": "43 on Magic Find",
    "mp": "1,498",
    "pet": "&6Golden Dragon&r&4 ✦",
    "gummy": 0,
    "wisp": 0,
    "mobsHighlight": {},
    "standList": [
        ""
    ],
    "playerList": [
        ""
    ],
    "lastMinis": [],
    "flare": {
        "kills": 0,
        "xp": 0,
        "vanqs": 0
    },
    "ftL": [
        15,
        250,
        1
    ],
    "champL": [
        15,
        250,
        1
    ],
    "poisonL": [
        15,
        250,
        1
    ],
    "blazeL": [
        15,
        250,
        1
    ],
    "clockL": [
        15,
        250,
        1
    ],
    "visitorL": [
        15,
        250,
        1
    ],
    "miniL": [
        15,
        250,
        1
    ],
    "legionL": [
        15,
        250,
        1
    ],
    "gyroL": [
        15,
        250,
        1
    ],
    "keyGuardL": [
        15,
        250,
        1
    ],
    "manaL": [
        15,
        250,
        1
    ],
    "mobCountL": [
        15,
        250,
        1
    ],
    "statsL": [
        15,
        250,
        1
    ],
    "petL": [
        15,
        250,
        1
    ],
    "bestiaryL": [
        15,
        250,
        1
    ],
    "cropL": [
        15,
        250,
        1
    ],
    "pestL": [
        15,
        250,
        1
    ],
    "contestL": [
        15,
        250,
        1
    ],
    "commL": [
        15,
        250,
        1
    ],
    "powderL": [
        15,
        250,
        1
    ],
    "trophyL": [
        15,
        250,
        1
    ],
    "corpseL": [
        15,
        250,
        1
    ],
    "customL": [
        15,
        250,
        1
    ],
    "modVer": "0.8.0",
    "lastMini": [],
    "gummyTimeLeft": 0,
    "wispTimeLeft": 0,
    "hotbar": {},
    "alignL": [
        15,
        250,
        1
    ],
    "gardenL": [
        15,
        250,
        1
    ],
    "name": "quektos"
}