{
    "hideAll": true,
    "attributeList": {
        "veteran": {
            "color": "v"
        },
        "mana_regeneration": {
            "color": "r"
        },
        "mana_pool": {
            "color": "p"
        },
        "dominance": {
            "color": "d"
        },
        "breeze": {
            "color": "b"
        },
        "mending": {
            "color": "m"
        },
        "speed": {
            "color": "s"
        },
        "lifeline": {
            "color": "l"
        }
    }
}