{"showMap":true,"mapStyle":"legalmap","posX":59,"posY":5,"size":125,"showHeads":"heads","headScale":8,"iconScale":10,"textScale":10,"tickStyle":"default","tickStyle_secrets_overHead":true,"centerCheckmarks":false,"showSecretCount":"never","checkmarkCompleteRooms":false,"puzzleNames":"none","headBorder":"none","headBorderWidth":3,"playerNames":"never","currentRoomInfo":"none","scoreInfoUnderMap":"simplified","scoreInfoUnderMap_simplified_showMimicText":true,"showScoreMessage":"never","custom270scoreMessage":"270 Score reached!","custom300scoreMessage":"300 Score reached!","tabCryptCount":false,"tabSecretCount":false,"tabMimic":false,"fixScore":true,"hideInBoss":true,"showTabs":true,"showSecrets":true,"spiritLeapOverlay":true,"forcePaul":false,"clearedRoomInfo":true,"devInfo":false,"boxDoors":true,"mapBorderColor":[0,0,0,255],"mapBackgroundColor":[0,0,0,100],"extraInfoBackroundColor":[0,0,0,100],"healerColor":[240,70,240,255],"mageColor":[70,210,210,255],"bersColor":[255,0,0,255],"archColor":[30,170,50,255],"tankColor":[150,150,150,255],"singleBorderColor":[0,0,0,255],"singleBorderColorSelf":[0,0,0,255],"customRoomColorNormal":[114,67,27,255],"customRoomColorMini":[114,67,27,255],"customRoomColorRare":[114,67,27,255],"customRoomColorFairy":[239,126,163,255],"customRoomColorBlood":[255,0,0,255],"customRoomColorTrap":[213,126,50,255],"customRoomColorSpawn":[0,123,0,255],"customRoomColorGold":[226,226,50,255],"customRoomColorPuzzle":[176,75,213,255],"customRoomColorUnknown":[64,64,64,255],"customRoomColorWitherDoor":[0,0,0,255],"customRoomGapSize":9,"customDoorSize":15}