{"Weapons":[[null,null,null,null,null,null,null,null,null,null,{"sb_id":"NA","name":"§cRogue Sword","lore":["§cRogue Sword","§7Click on this item in your","§7inventory to add it to your","§7§9Museum§7!"]},{"sb_id":"NA","name":"§cFancy Sword","lore":["§cFancy Sword","§7Click on this item in your","§7inventory to add it to your","§7§9Museum§7!"]},{"sb_id":"NA","name":"§cSpider Sword","lore":["§cSpider Sword","§7Click on this item in your","§7inventory to add it to your","§7§9Museum§7!"]},{"sb_id":"NA","name":"§cUndead Sword","lore":["§cUndead Sword","§7Click on this item in your","§7inventory to add it to your","§7§9Museum§7!"]},{"sb_id":"NA","name":"§cArtisanal Shortbow","lore":["§cArtisanal Shortbow","§7Click on this item in your","§7inventory to add it to your","§7§9Museum§7!"]},{"sb_id":"NA","name":"§cEnd Sword","lore":["§cEnd Sword","§7Click on this item in your","§7inventory to add it to your","§7§9Museum§7!"]},{"sb_id":"NA","name":"§cCleaver","lore":["§cCleaver","§7Click on this item in your","§7inventory to add it to your","§7§9Museum§7!"]},null,null,{"sb_id":"NA","name":"§cFlaming Sword","lore":["§cFlaming Sword","§7Click on this item in your","§7inventory to add it to your","§7§9Museum§7!"]},{"sb_id":"WITHER_BOW","name":"§aWither Bow","lore":["§aWither Bow","§7Damage: §c+30","","§7Deals §a+100% §7damage to","§7§aWithers §7and §aWither","§aSkeletons§7.","","§7§8This item can be reforged!","§8§l* §8Co-op Soulbound §8§l*","§a§lUNCOMMON BOW","§8§m-----------------","§7Item Donated","§bApril 15, 2022","","§7Item Created","§aApril 15, 2022","  §647,294th §7created","","§7Item Clean Value","§6290 Coins","","§7Display Slot","§9Atrium Slot #1","","§eClick to retrieve item!"]},{"sb_id":"NA","name":"§cDecent Bow","lore":["§cDecent Bow","§7Click on this item in your","§7inventory to add it to your","§7§9Museum§7!"]},{"sb_id":"NA","name":"§cHunter Knife","lore":["§cHunter Knife","§7Click on this item in your","§7inventory to add it to your","§7§9Museum§7!"]},{"sb_id":"NA","name":"§cSavanna Bow","lore":["§cSavanna Bow","§7Click on this item in your","§7inventory to add it to your","§7§9Museum§7!"]},{"sb_id":"NA","name":"§cPrismarine Bow","lore":["§cPrismarine Bow","§7Click on this item in your","§7inventory to add it to your","§7§9Museum§7!"]},{"sb_id":"NA","name":"§cPrismarine Blade","lore":["§cPrismarine Blade","§7Click on this item in your","§7inventory to add it to your","§7§9Museum§7!"]},null,null,{"sb_id":"NA","name":"§cEnder Bow","lore":["§cEnder Bow","§7Click on this item in your","§7inventory to add it to your","§7§9Museum§7!"]},{"sb_id":"NA","name":"§cSilver Fang","lore":["§cSilver Fang","§7Click on this item in your","§7inventory to add it to your","§7§9Museum§7!"]},{"sb_id":"NA","name":"§cDreadlord Sword","lore":["§cDreadlord Sword","§7Click on this item in your","§7inventory to add it to your","§7§9Museum§7!"]},{"sb_id":"NA","name":"§cZombie Soldier Cutlass","lore":["§cZombie Soldier Cutlass","§7Click on this item in your","§7inventory to add it to your","§7§9Museum§7!"]},{"sb_id":"NA","name":"§cMachine Gun Bow","lore":["§cMachine Gun Bow","§7Click on this item in your","§7inventory to add it to your","§7§9Museum§7!"]},{"sb_id":"NA","name":"§cMercenary Axe","lore":["§cMercenary Axe","§7Click on this item in your","§7inventory to add it to your","§7§9Museum§7!"]},{"sb_id":"NA","name":"§cStarlight Wand","lore":["§cStarlight Wand","§7Click on this item in your","§7inventory to add it to your","§7§9Museum§7!"]},null,null,{"sb_id":"NA","name":"§cArack","lore":["§cArack","§7Click on this item in your","§7inventory to add it to your","§7§9Museum§7!"]},{"sb_id":"NA","name":"§cTactician's Sword","lore":["§cTactician's Sword","§7Click on this item in your","§7inventory to add it to your","§7§9Museum§7!"]},{"sb_id":"NA","name":"§cSniper Bow","lore":["§cSniper Bow","§7Click on this item in your","§7inventory to add it to your","§7§9Museum§7!"]},{"sb_id":"NA","name":"§cSoulstealer Bow","lore":["§cSoulstealer Bow","§7Click on this item in your","§7inventory to add it to your","§7§9Museum§7!"]},{"sb_id":"NA","name":"§cFrozen Scythe","lore":["§cFrozen Scythe","§7Click on this item in your","§7inventory to add it to your","§7§9Museum§7!","","§7Donating a §5Glacial Scythe","§5§7will count as donating this","§7item."]},{"sb_id":"NA","name":"§cGlacial Scythe","lore":["§cGlacial Scythe","§7Click on this item in your","§7inventory to add it to your","§7§9Museum§7!"]},{"sb_id":"NA","name":"§cGolem Sword","lore":["§cGolem Sword","§7Click on this item in your","§7inventory to add it to your","§7§9Museum§7!"]}]],"Special Items":[[]],"Rarities":[[null,null,null,null,null,null,null,null,null,null,{"sb_id":"NA","name":"§cLantern Helmet","lore":["§cLantern Helmet","§7Click on this item in your","§7inventory to add it to your","§7§9Museum§7!"]},{"sb_id":"NA","name":"§cObsidian Chestplate","lore":["§cObsidian Chestplate","§7Click on this item in your","§7inventory to add it to your","§7§9Museum§7!"]},{"sb_id":"NA","name":"§cSquid Boots","lore":["§cSquid Boots","§7Click on this item in your","§7inventory to add it to your","§7§9Museum§7!"]},{"sb_id":"NA","name":"§cBonzo's Mask","lore":["§cBonzo's Mask","§7Click on this item in your","§7inventory to add it to your","§7§9Museum§7!"]},{"sb_id":"NA","name":"§cSpirit Mask","lore":["§cSpirit Mask","§7Click on this item in your","§7inventory to add it to your","§7§9Museum§7!"]},{"sb_id":"NA","name":"§cWater Hydra Head","lore":["§cWater Hydra Head","§7Click on this item in your","§7inventory to add it to your","§7§9Museum§7!"]},{"sb_id":"NA","name":"§cVampire Mask","lore":["§cVampire Mask","§7Click on this item in your","§7inventory to add it to your","§7§9Museum§7!","","§7Donating a §9Witch Mask §7will","§7count as donating this item."]},null,null,{"sb_id":"NA","name":"§cWitch Mask","lore":["§cWitch Mask","§7Click on this item in your","§7inventory to add it to your","§7§9Museum§7!","","§7Donating a §5Vampire Witch Mask","§5§7will count as donating this","§7item."]},{"sb_id":"NA","name":"§cVampire Witch Mask","lore":["§cVampire Witch Mask","§7Click on this item in your","§7inventory to add it to your","§7§9Museum§7!"]},{"sb_id":"NA","name":"§cJerry-chine Gun","lore":["§cJerry-chine Gun","§7Click on this item in your","§7inventory to add it to your","§7§9Museum§7!"]},{"sb_id":"NA","name":"§cFarmer Boots","lore":["§cFarmer Boots","§7Click on this item in your","§7inventory to add it to your","§7§9Museum§7!","","§7Donating a §5Rancher's Boots","§5§7will count as donating this","§7item."]},{"sb_id":"NA","name":"§cRancher's Boots","lore":["§cRancher's Boots","§7Click on this item in your","§7inventory to add it to your","§7§9Museum§7!"]},{"sb_id":"NA","name":"§cStonk","lore":["§cStonk","§7Click on this item in your","§7inventory to add it to your","§7§9Museum§7!"]},{"sb_id":"NA","name":"§cJungle Axe","lore":["§cJungle Axe","§7Click on this item in your","§7inventory to add it to your","§7§9Museum§7!","","§7Donating a §5Treecapitator","§5§7will count as donating this","§7item."]},null,null,{"sb_id":"NA","name":"§cTreecapitator","lore":["§cTreecapitator","§7Click on this item in your","§7inventory to add it to your","§7§9Museum§7!"]},{"sb_id":"NA","name":"§cMithril Coat","lore":["§cMithril Coat","§7Click on this item in your","§7inventory to add it to your","§7§9Museum§7!"]},{"sb_id":"NA","name":"§cSpirit Boots","lore":["§cSpirit Boots","§7Click on this item in your","§7inventory to add it to your","§7§9Museum§7!"]},{"sb_id":"NA","name":"§cRadiant Power Orb","lore":["§cRadiant Power Orb","§7Click on this item in your","§7inventory to add it to your","§7§9Museum§7!","","§7Donating a §9Mana Flux Power Orb","§9§7will count as donating this","§7item."]},{"sb_id":"NA","name":"§cMana Flux Power Orb","lore":["§cMana Flux Power Orb","§7Click on this item in your","§7inventory to add it to your","§7§9Museum§7!","","§7Donating a §5Overflux Power Orb","§5§7will count as donating this","§7item."]},{"sb_id":"NA","name":"§cOverflux Power Orb","lore":["§cOverflux Power Orb","§7Click on this item in your","§7inventory to add it to your","§7§9Museum§7!","","§7Donating a §6Plasmaflux Power","§6Orb §7will count as donating","§7this item."]},{"sb_id":"NA","name":"§cPlasmaflux Power Orb","lore":["§cPlasmaflux Power Orb","§7Click on this item in your","§7inventory to add it to your","§7§9Museum§7!"]},null,null,{"sb_id":"NA","name":"§cWeird Tuba","lore":["§cWeird Tuba","§7Click on this item in your","§7inventory to add it to your","§7§9Museum§7!"]},{"sb_id":"NA","name":"§cZombie's Heart","lore":["§cZombie's Heart","§7Click on this item in your","§7inventory to add it to your","§7§9Museum§7!","","§7Donating a §9Crystallized Heart","§9§7will count as donating this","§7item."]},{"sb_id":"NA","name":"§cCrystallized Heart","lore":["§cCrystallized Heart","§7Click on this item in your","§7inventory to add it to your","§7§9Museum§7!","","§7Donating a §5Revived Heart","§5§7will count as donating this","§7item."]},{"sb_id":"NA","name":"§cRevived Heart","lore":["§cRevived Heart","§7Click on this item in your","§7inventory to add it to your","§7§9Museum§7!"]},{"sb_id":"NA","name":"§cKrampus Helmet","lore":["§cKrampus Helmet","§7Click on this item in your","§7inventory to add it to your","§7§9Museum§7!"]},{"sb_id":"NA","name":"§cRift Necklace","lore":["§cRift Necklace","§7Click on this item in your","§7inventory to add it to your","§7§9Museum§7!"]},{"sb_id":"NA","name":"§cSuper Compactor 3000","lore":["§cSuper Compactor 3000","§7Click on this item in your","§7inventory to add it to your","§7§9Museum§7!"]}]],"Armor Sets":[[null,null,null,null,null,null,null,null,null,null,{"sb_id":"NA","name":"§cFarm Suit","lore":["§cFarm Suit","§7Click on an armor piece in your","§7inventory that belongs to this","§7armor set to donate the full set","§7to your Museum."]},{"sb_id":"NA","name":"§cMushroom Armor","lore":["§cMushroom Armor","§7Click on an armor piece in your","§7inventory that belongs to this","§7armor set to donate the full set","§7to your Museum."]},{"sb_id":"NA","name":"§cAngler Armor","lore":["§cAngler Armor","§7Click on an armor piece in your","§7inventory that belongs to this","§7armor set to donate the full set","§7to your Museum."]},{"sb_id":"NA","name":"§cPumpkin Armor","lore":["§cPumpkin Armor","§7Click on an armor piece in your","§7inventory that belongs to this","§7armor set to donate the full set","§7to your Museum."]},{"sb_id":"NA","name":"§cCactus Armor","lore":["§cCactus Armor","§7Click on an armor piece in your","§7inventory that belongs to this","§7armor set to donate the full set","§7to your Museum."]},{"sb_id":"NA","name":"§cLeaflet Armor","lore":["§cLeaflet Armor","§7Click on an armor piece in your","§7inventory that belongs to this","§7armor set to donate the full set","§7to your Museum."]},{"sb_id":"NA","name":"§cLapis Armor","lore":["§cLapis Armor","§7Click on an armor piece in your","§7inventory that belongs to this","§7armor set to donate the full set","§7to your Museum."]},null,null,{"sb_id":"NA","name":"§cMiner's Outfit","lore":["§cMiner's Outfit","§7Click on an armor piece in your","§7inventory that belongs to this","§7armor set to donate the full set","§7to your Museum."]},{"sb_id":"NA","name":"§cGolem Armor","lore":["§cGolem Armor","§7Click on an armor piece in your","§7inventory that belongs to this","§7armor set to donate the full set","§7to your Museum."]},{"sb_id":"NA","name":"§cMiner Armor","lore":["§cMiner Armor","§7Click on an armor piece in your","§7inventory that belongs to this","§7armor set to donate the full set","§7to your Museum."]},{"sb_id":"NA","name":"§cRotten Armor","lore":["§cRotten Armor","§7Click on an armor piece in your","§7inventory that belongs to this","§7armor set to donate the full set","§7to your Museum."]},{"sb_id":"NA","name":"§cHardened Diamond Armor","lore":["§cHardened Diamond Armor","§7Click on an armor piece in your","§7inventory that belongs to this","§7armor set to donate the full set","§7to your Museum.","","§7Donating §5Mineral Armor §7will","§7give credit for logging this","§7armor set."]},{"sb_id":"NA","name":"§cMineral Armor","lore":["§cMineral Armor","§7Click on an armor piece in your","§7inventory that belongs to this","§7armor set to donate the full set","§7to your Museum."]},{"sb_id":"NA","name":"§cFairy Armor","lore":["§cFairy Armor","§7Click on an armor piece in your","§7inventory that belongs to this","§7armor set to donate the full set","§7to your Museum."]},null,null,{"sb_id":"NA","name":"§cFarm Armor","lore":["§cFarm Armor","§7Click on an armor piece in your","§7inventory that belongs to this","§7armor set to donate the full set","§7to your Museum."]},{"sb_id":"NA","name":"§cMercenary Armor","lore":["§cMercenary Armor","§7Click on an armor piece in your","§7inventory that belongs to this","§7armor set to donate the full set","§7to your Museum."]},{"sb_id":"NA","name":"§cStarlight Armor","lore":["§cStarlight Armor","§7Click on an armor piece in your","§7inventory that belongs to this","§7armor set to donate the full set","§7to your Museum."]},{"sb_id":"NA","name":"§cArachne's Armor","lore":["§cArachne's Armor","§7Click on an armor piece in your","§7inventory that belongs to this","§7armor set to donate the full set","§7to your Museum."]},{"sb_id":"NA","name":"§cBouncy Armor","lore":["§cBouncy Armor","§7Click on an armor piece in your","§7inventory that belongs to this","§7armor set to donate the full set","§7to your Museum."]},{"sb_id":"NA","name":"§cHeavy Armor","lore":["§cHeavy Armor","§7Click on an armor piece in your","§7inventory that belongs to this","§7armor set to donate the full set","§7to your Museum."]},{"sb_id":"NA","name":"§cSkeleton Grunt Armor","lore":["§cSkeleton Grunt Armor","§7Click on an armor piece in your","§7inventory that belongs to this","§7armor set to donate the full set","§7to your Museum."]},null,null,{"sb_id":"NA","name":"§cArmor of Growth","lore":["§cArmor of Growth","§7Click on an armor piece in your","§7inventory that belongs to this","§7armor set to donate the full set","§7to your Museum.","","§7Donating §5Mastiff Armor §7will","§7give credit for logging this","§7armor set."]},{"sb_id":"NA","name":"§cSalmon Armor","lore":["§cSalmon Armor","§7Click on an armor piece in your","§7inventory that belongs to this","§7armor set to donate the full set","§7to your Museum."]},{"sb_id":"NA","name":"§cMonster Hunter Armor","lore":["§cMonster Hunter Armor","§7Click on an armor piece in your","§7inventory that belongs to this","§7armor set to donate the full set","§7to your Museum."]},{"sb_id":"NA","name":"§cSkeleton Soldier Armor","lore":["§cSkeleton Soldier Armor","§7Click on an armor piece in your","§7inventory that belongs to this","§7armor set to donate the full set","§7to your Museum."]},{"sb_id":"NA","name":"§cZombie Soldier Armor","lore":["§cZombie Soldier Armor","§7Click on an armor piece in your","§7inventory that belongs to this","§7armor set to donate the full set","§7to your Museum."]},{"sb_id":"NA","name":"§cGoblin Armor","lore":["§cGoblin Armor","§7Click on an armor piece in your","§7inventory that belongs to this","§7armor set to donate the full set","§7to your Museum."]},{"sb_id":"NA","name":"§cHeat Armor","lore":["§cHeat Armor","§7Click on an armor piece in your","§7inventory that belongs to this","§7armor set to donate the full set","§7to your Museum.","","§7Donating §5Flamebreaker Armor","§5§7will give credit for logging","§7this armor set."]}]]}