{"slayer":{"zombie":{"chosenItem":"Warden Heart","currentMeter":600,"fullMeter":3631749,"baseChance":"0.0413"},"spider":{"chosenItem":"Tarantula Talisman","currentMeter":892500,"fullMeter":300550},"wolf":{"chosenItem":"Overflux Capacitor","currentMeter":158875,"fullMeter":1232700,"baseChance":"0.0406"},"enderman":{"chosenItem":"Judgement Core","currentMeter":50500,"fullMeter":885562,"baseChance":"0.0565"},"blaze":{"chosenItem":"Gabagool Distillate","currentMeter":67250,"fullMeter":17700,"baseChance":"2.8249"}},"dungeon":{"f1":{"chosenItem":"","currentMeter":0,"fullMeter":0,"baseChance":0},"f2":{"chosenItem":"","currentMeter":0,"fullMeter":0,"baseChance":0},"f3":{"chosenItem":"","currentMeter":0,"fullMeter":0,"baseChance":0},"f4":{"chosenItem":"","currentMeter":0,"fullMeter":0,"baseChance":0},"f5":{"chosenItem":"","currentMeter":0,"fullMeter":0,"baseChance":0},"f6":{"chosenItem":"","currentMeter":0,"fullMeter":0,"baseChance":0},"f7":{"chosenItem":"","currentMeter":0,"fullMeter":0,"baseChance":0},"m1":{"chosenItem":"","currentMeter":0,"fullMeter":0,"baseChance":0},"m2":{"chosenItem":"","currentMeter":0,"fullMeter":0,"baseChance":0},"m3":{"chosenItem":"","currentMeter":0,"fullMeter":0,"baseChance":0},"m4":{"chosenItem":"","currentMeter":0,"fullMeter":0,"baseChance":0},"m5":{"chosenItem":"","currentMeter":0,"fullMeter":0,"baseChance":0},"m6":{"chosenItem":"","currentMeter":0,"fullMeter":0,"baseChance":0},"m7":{"chosenItem":"","currentMeter":0,"fullMeter":0,"baseChance":0}}}