{"bestiary":{"enabled":true,"subSettings":{"bestiary_box":{"value":false,"temp_val":false},"bestiary_stat_0":{"value":false,"temp_val":false},"bestiary_stat_0_type":{"value":"barbarian_duke_x","temp_val":"barbarian_duke_x"},"bestiary_stat_0_location":{"value":[10,50,1,1],"temp_val":[10,50,1,1]},"bestiary_stat_0_only_sb":{"value":false,"temp_val":false},"bestiary_stat_1":{"value":false,"temp_val":false},"bestiary_stat_1_type":{"value":"barbarian_duke_x","temp_val":"barbarian_duke_x"},"bestiary_stat_1_location":{"value":[10,60,1,1],"temp_val":[10,60,1,1]},"bestiary_stat_1_only_sb":{"value":false,"temp_val":false},"bestiary_stat_2":{"value":false,"temp_val":false},"bestiary_stat_2_type":{"value":"barbarian_duke_x","temp_val":"barbarian_duke_x"},"bestiary_stat_2_location":{"value":[10,70,1,1],"temp_val":[10,70,1,1]},"bestiary_stat_2_only_sb":{"value":false,"temp_val":false},"bestiary_stat_3":{"value":false,"temp_val":false},"bestiary_stat_3_type":{"value":"barbarian_duke_x","temp_val":"barbarian_duke_x"},"bestiary_stat_3_location":{"value":[10,80,1,1],"temp_val":[10,80,1,1]},"bestiary_stat_3_only_sb":{"value":false,"temp_val":false},"bestiary_stat_4":{"value":false,"temp_val":false},"bestiary_stat_4_type":{"value":"barbarian_duke_x","temp_val":"barbarian_duke_x"},"bestiary_stat_4_location":{"value":[10,90,1,1],"temp_val":[10,90,1,1]},"bestiary_stat_4_only_sb":{"value":false,"temp_val":false},"bestiary_stat_5":{"value":false,"temp_val":false},"bestiary_stat_5_type":{"value":"barbarian_duke_x","temp_val":"barbarian_duke_x"},"bestiary_stat_5_location":{"value":[10,100,1,1],"temp_val":[10,100,1,1]},"bestiary_stat_5_only_sb":{"value":false,"temp_val":false},"bestiary_stat_6":{"value":false,"temp_val":false},"bestiary_stat_6_type":{"value":"barbarian_duke_x","temp_val":"barbarian_duke_x"},"bestiary_stat_6_location":{"value":[10,110,1,1],"temp_val":[10,110,1,1]},"bestiary_stat_6_only_sb":{"value":false,"temp_val":false},"bestiary_stat_7":{"value":false,"temp_val":false},"bestiary_stat_7_type":{"value":"barbarian_duke_x","temp_val":"barbarian_duke_x"},"bestiary_stat_7_location":{"value":[10,120,1,1],"temp_val":[10,120,1,1]},"bestiary_stat_7_only_sb":{"value":false,"temp_val":false},"bestiary_stat_8":{"value":false,"temp_val":false},"bestiary_stat_8_type":{"value":"barbarian_duke_x","temp_val":"barbarian_duke_x"},"bestiary_stat_8_location":{"value":[10,130,1,1],"temp_val":[10,130,1,1]},"bestiary_stat_8_only_sb":{"value":false,"temp_val":false},"bestiary_stat_9":{"value":false,"temp_val":false},"bestiary_stat_9_type":{"value":"barbarian_duke_x","temp_val":"barbarian_duke_x"},"bestiary_stat_9_location":{"value":[10,140,1,1],"temp_val":[10,140,1,1]},"bestiary_stat_9_only_sb":{"value":false,"temp_val":false}}},"betterGuis":{"enabled":false,"subSettings":{"sbmenu_clicks":{"value":true,"temp_val":true},"custom_museum_enabled":{"value":false,"temp_val":false},"custom_dungeon_ready_enabled":{"value":false,"temp_val":false},"inv_search":{"value":false,"temp_val":false},"custom_bars":{"value":false,"temp_val":false}}},"changeLogGUI":{"enabled":true,"subSettings":{}},"cosmetics":{"enabled":true,"subSettings":{"cosmetics_first_person_visable":{"value":false,"temp_val":false},"cosmetics_first_person_less_visable":{"value":false,"temp_val":false},"cosmetics_own_audio":{"value":false,"temp_val":false},"cosmetic_dragon_wings_toggle":{"value":false,"temp_val":false}}},"dataLoader":{"enabled":true,"subSettings":{}},"dungeonRoutes":{"enabled":true,"subSettings":{"coming_soontm":{},"badlion_routes_button":{"value":false,"temp_val":false}}},"dungeonSolvers":{"enabled":true,"subSettings":{"livid_find_enabled":{"value":true,"temp_val":true},"livid_hud_enabled":{"value":true,"temp_val":true},"livid_hp_location":{"value":[10,50,1,1],"temp_val":[10,50,1,1]},"livid_box_enabled":{"value":true,"temp_val":true},"livid_nametags_enabled":{"value":false,"temp_val":false},"spirit_bow_destroy_timer":{"value":true,"temp_val":true},"spirit_destroy_location":{"value":[10,73,3,1],"temp_val":[10,73,3,1]},"spirit_bear_spawn_timer":{"value":true,"temp_val":true},"spirit_bear_spawn_location":{"value":[10,70,3,1],"temp_val":[10,70,3,1]},"ff_timer":{"value":true,"temp_val":true},"fire_freeze_location":{"value":[10,80,3,1],"temp_val":[10,80,3,1]},"blood_camp_assist":{"value":false,"temp_val":false},"run_speed_rates":{"value":false,"temp_val":false},"run_speed_rates_location":{"value":[10,100,1,1],"temp_val":[10,100,1,1]},"run_score_calc":{"value":true,"temp_val":true},"score_calc_location":{"value":[10,130,1,1],"temp_val":[10,130,1,1]},"blaze_solver":{"value":true,"temp_val":true},"f6_timer_thing":{"value":true,"temp_val":true},"bonzo_mask_timer":{"value":true,"temp_val":true},"bonzo_mask_timer_location":{"value":[10,130,1,1],"temp_val":[10,130,1,1]},"spirit_mask_timer":{"value":false,"temp_val":false},"bonzo_mask_alert":{"value":true,"temp_val":true},"bonzo_mask_alert_message":{"value":"&cBonzo Mask Used","temp_val":"&cBonzo Mask Used"},"fragged_bonzo_mask_alert":{"value":true,"temp_val":true},"fragged_bonzo_mask_alert_message":{"value":"&c⚚ Bonzo Mask Used","temp_val":"&c⚚ Bonzo Mask Used"},"spirit_mask_alert":{"value":true,"temp_val":true},"spirit_mask_alert_message":{"value":"&cSpirit Mask Used","temp_val":"&cSpirit Mask Used"},"withermancer_forgor":{"value":true,"temp_val":true},"f7_waypoints":{"value":true,"temp_val":true},"f7_waypoints_chat":{"value":true,"temp_val":true},"ice_spray_ping":{"value":false,"temp_val":false},"guardian_hp":{"value":true,"temp_val":true},"stair_stonk_helper":{"value":true,"temp_val":true}}},"events":{"enabled":true,"subSettings":{"burrial_from_partles":{"value":true,"temp_val":true},"burrial_guess":{"value":false,"temp_val":false},"togglemusis_button":{"value":false,"temp_val":false},"inquis_location_other":{"value":true,"temp_val":true},"inquis_ping_other":{"value":true,"temp_val":true},"inquis_ping_party":{"value":true,"temp_val":true},"recieve_inquis_ping_party":{"value":false,"temp_val":false},"myth_mobs_hp":{"value":true,"temp_val":true},"myth_mobs_location":{"value":[10,41,1,1],"temp_val":[10,41,1,1]},"abi_solver":{"value":true,"temp_val":true},"warp_info_hotkey":{"value":true,"temp_val":true},"inquis_keybind_default":{"value":"CHAR_NONE","temp_val":"CHAR_NONE"},"shiny_blocks_overlay":{"value":false,"temp_val":false},"glowing_mushrooms_overlay":{"value":true,"temp_val":true},"trevor_angle_solver":{"value":true,"temp_val":true},"block_zap_farm_cool":{"value":false,"temp_val":false},"bingo_mana_dink":{"value":false,"temp_val":false}}},"eventsGUI":{"enabled":true,"subSettings":{}},"featureBase":{"enabled":false,"subSettings":{}},"fpsImproveGui":{"enabled":true,"subSettings":{}},"fragBot":{"enabled":false,"subSettings":{"host_fragbot_info":{},"stat_next_to_name_description":{"value":true,"temp_val":true}}},"friendsGUI":{"enabled":true,"subSettings":{}},"globalSettings":{"enabled":true,"subSettings":{"api_key":{},"verify_key":{"value":null,"temp_val":null},"api_new_command":{"value":null,"temp_val":null},"find_key":{"value":null,"temp_val":null},"alert_all_updates":{"value":false,"temp_val":false},"dark_theme":{"value":true,"temp_val":true},"hide_falling_sand":{"value":false,"temp_val":false},"twitch_commands_ingame":{"value":true,"temp_val":true},"hand_chat":{"value":true,"temp_val":true},"item_worth":{"value":false,"temp_val":false},"show_hecatomb":{"value":true,"temp_val":true},"show_champion":{"value":true,"temp_val":true},"thunder_bottle":{"value":false,"temp_val":false},"thunder_bottle_location":{"value":[20,100,1,1],"temp_val":[20,100,1,1]},"thunder_bottle_full":{"value":false,"temp_val":false},"old_master_star":{"value":false,"temp_val":false},"sba_item_log":{"value":false,"temp_val":false},"sba_item_log_location":{"value":[10,100,1,1],"temp_val":[10,100,1,1]},"item_log_max_amount":{"value":"20","temp_val":"20"},"fancy_vanquisher_alert":{"value":false,"temp_val":false},"fancy_sc_alert":{"value":false,"temp_val":false},"fancy_thunder_alert":{"value":false,"temp_val":false},"fancy_jawbus_alert":{"value":false,"temp_val":false},"image_overlay":{"value":"","temp_val":""}}},"guild":{"enabled":false,"subSettings":{}},"hud":{"enabled":false,"subSettings":{"fps_enabled":{"value":true,"temp_val":true},"fps_fast":{"value":true,"temp_val":true},"fps_low":{"value":true,"temp_val":true},"fps_location":{"value":[10,10,1,1],"temp_val":[10,10,1,1]},"cps_enabled":{"value":true,"temp_val":true},"cps_right":{"value":true,"temp_val":true},"cps_seperate":{"value":true,"temp_val":true},"cps_location":{"value":[10,20,1,1],"temp_val":[10,20,1,1]},"pet_enabled":{"value":true,"temp_val":true},"pet_location":{"value":[10,30,1,1],"temp_val":[10,30,1,1]},"scan_pets_menu":{"value":true,"temp_val":true},"location_enabled":{"value":false,"temp_val":false},"location_location":{"value":[10,120,1,1],"temp_val":[10,120,1,1]},"location_y_enabled":{"value":false,"temp_val":true},"location_dung_enabled":{"value":false,"temp_val":false},"location_decimal_setting":{"value":"3","temp_val":"3"},"soulflow_enabled":{"value":true,"temp_val":true},"soulflow_showwhen_0":{"value":true,"temp_val":true},"soulflow_location":{"value":[10,40,1,1],"temp_val":[10,40,1,1]},"lobby_lag":{"value":true,"temp_val":true},"lobby_lag_location":{"value":[10,60,1,1],"temp_val":[10,60,1,1]},"wither_impact_cooldown_enabled":{"value":true,"temp_val":true},"spotify_now_playing":{"value":false,"temp_val":false},"spotify_now_playing_location":{"value":[10,80,1,1],"temp_val":[10,80,1,1]},"lobby_day":{"value":true,"temp_val":true},"lobby_day_location":{"value":[10,90,1,1],"temp_val":[10,90,1,1]},"lobby_day_30":{"value":true,"temp_val":true},"pots_out_alert":{"value":true,"temp_val":true},"pots_hud":{"value":false,"temp_val":false},"pots_hud_location":{"value":[10,100,1,1],"temp_val":[10,100,1,1]},"hud_ignore_level_cap":{"value":false,"temp_val":false},"skill_o60_level_message":{"value":false,"temp_val":true},"hud_stat_0":{"value":false,"temp_val":false},"hud_stat_0_type":{"value":"weight","temp_val":"weight"},"hud_stat_0_location":{"value":[10,50,1,1],"temp_val":[10,50,1,1]},"hud_stat_0_only_sb":{"value":false,"temp_val":true},"hud_stat_1":{"value":false,"temp_val":false},"hud_stat_1_type":{"value":"weight","temp_val":"weight"},"hud_stat_1_location":{"value":[10,60,1,1],"temp_val":[10,60,1,1]},"hud_stat_1_only_sb":{"value":false,"temp_val":true},"hud_stat_2":{"value":false,"temp_val":false},"hud_stat_2_type":{"value":"weight","temp_val":"weight"},"hud_stat_2_location":{"value":[10,70,1,1],"temp_val":[10,70,1,1]},"hud_stat_2_only_sb":{"value":false,"temp_val":true},"hud_stat_3":{"value":false,"temp_val":false},"hud_stat_3_type":{"value":"weight","temp_val":"weight"},"hud_stat_3_location":{"value":[10,80,1,1],"temp_val":[10,80,1,1]},"hud_stat_3_only_sb":{"value":false,"temp_val":true},"hud_stat_4":{"value":false,"temp_val":false},"hud_stat_4_type":{"value":"weight","temp_val":"weight"},"hud_stat_4_location":{"value":[10,90,1,1],"temp_val":[10,90,1,1]},"hud_stat_4_only_sb":{"value":false,"temp_val":true},"dragon_dmg_enable":{"value":true,"temp_val":true},"dragon_dmg_location":{"value":[50,40,1,1],"temp_val":[50,40,1,1]},"spider_thundering_timer":{"value":true,"temp_val":true},"thunder_timer_elmement":{"value":[10,70,1,1],"temp_val":[10,70,1,1]},"spider_rain_timer":{"value":false,"temp_val":false},"pps_counter":{"value":false,"temp_val":false},"pps_location":{"value":[10,70,1,1],"temp_val":[10,70,1,1]}}},"lockedFeatures":{"enabled":true,"subSettings":{"guild_event_lb":{"value":false,"temp_val":false},"guild_lb_location":{"value":[50,40,1,1],"temp_val":[50,40,1,1]}}},"mining":{"enabled":true,"subSettings":{"bal_hp":{"value":true,"temp_val":true},"bal_hud":{"value":true,"temp_val":true},"bal_hud_location":{"value":[10,50,1,1],"temp_val":[10,50,1,1]},"bal_alert":{"value":true,"temp_val":true},"unlocked_gemstones":{"value":true,"temp_val":true},"contained_gemstones":{"value":true,"temp_val":true},"compact_progress_hud":{"value":true,"temp_val":true},"compact_progress_location":{"value":[10,121,1,1],"temp_val":[10,121,1,1]},"compact_progress_disable_0":{"value":true,"temp_val":true},"gemstone_money_hud":{"value":true,"temp_val":true},"gemstone_money_location":{"value":[10,93,1,1],"temp_val":[10,93,1,1]},"gemstone_money_hud_npc":{"value":false,"temp_val":false},"chevent_hud":{"value":false,"temp_val":false},"chevent_hud_location":{"value":[-34,3,1,1],"temp_val":[-34,3,1,1]},"metal_detector_solver":{"value":true,"temp_val":true},"alert_tools":{"value":true,"temp_val":true}}},"nether":{"enabled":true,"subSettings":{"nether_mastery_timer":{"value":true,"temp_val":true},"dojo_swiftness":{"value":true,"temp_val":true},"dojo_tanacity":{"value":true,"temp_val":true},"dojo_discipline":{"value":true,"temp_val":true},"control_helper":{"value":true,"temp_val":true},"hostage_waypoint":{"value":true,"temp_val":true},"slugfish_timer":{"value":false,"temp_val":false},"nether_mini_nametag_hud":{"value":false,"temp_val":false},"nether_mini_nametag_hud_location":{"value":[10,100,1,1],"temp_val":[10,100,1,1]}}},"networthGUI":{"enabled":true,"subSettings":{}},"performance":{"enabled":false,"subSettings":{}},"playerNotes":{"enabled":true,"subSettings":{}},"rngMeter":{"enabled":true,"subSettings":{"rng_meter_display":{"value":false,"temp_val":false},"rng_meter_display_location":{"value":[10,100,1,1],"temp_val":[10,100,1,1]},"meter_reset_alert_slayer":{"value":false,"temp_val":false},"slayer_rng_title_hud":{"value":false,"temp_val":false},"rng_extra_info":{"value":true,"temp_val":true}}},"senitherGui":{"enabled":true,"subSettings":{}},"settings":{"enabled":true,"subSettings":{}},"slayers":{"enabled":true,"subSettings":{"slayer_xp":{"value":true,"temp_val":true},"boss_slain_alert":{"value":false,"temp_val":false},"boss_spawn_alert":{"value":true,"temp_val":true},"Slayer_spawn_kill_time":{"value":true,"temp_val":true},"slayer_spawn_kill_time_decimal_point":{"value":"1","temp_val":"1"},"slayer_kill_time":{"value":true,"temp_val":true},"slayer_kill_time_decimal_point":{"value":"1","temp_val":"1"},"slayer_xp_hud":{"value":false,"temp_val":false},"slayer_xp_location":{"value":[10,50,1,1],"temp_val":[10,50,1,1]},"miniboss_title_ping":{"value":false,"temp_val":false},"miniboss_sound_ping":{"value":false,"temp_val":false},"box_around_miniboss":{"value":false,"temp_val":false},"box_around_area_mini":{"value":false,"temp_val":false},"miniboss_off_when_boss":{"value":true,"temp_val":true},"miniboss_hud":{"value":true,"temp_val":true},"miniboss_hud_location":{"value":[260,50,1,1],"temp_val":[260,50,1,1]},"hide_dead_mob_nametag":{"value":false,"temp_val":false},"eman_box":{"value":true,"temp_val":true},"eman_beacon":{"value":true,"temp_val":true},"eman_beacon_dinkdink":{"value":true,"temp_val":true},"beacon_dinkdink_once":{"value":false,"temp_val":false},"beacon_sound":{"value":"note.pling","temp_val":"note.pling"},"eman_eye_thing":{"value":true,"temp_val":true},"eman_hp":{"value":true,"temp_val":true},"eman_location":{"value":[267,58,1,1],"temp_val":[267,58,1,1]},"eman_rcm_support":{"value":true,"temp_val":true},"hyp_dmg":{"value":"","temp_val":""},"eman_hp_left":{"value":"","temp_val":""},"thunderlord_level":{"value":"","temp_val":""},"summons_master":{"value":false,"temp_val":false},"hide_summons_nametags":{"value":false,"temp_val":false},"warn_when_summon_low":{"value":false,"temp_val":false},"summon_warn_percentage":{"value":"30","temp_val":"30"},"summon_hp_hud":{"value":false,"temp_val":false},"summon_hp_location":{"value":[10,50,1,1],"temp_val":[10,50,1,1]},"eman_lazer_timer":{"value":true,"temp_val":true},"eman_lazer_timer_location":{"value":"inBoss","temp_val":"inBoss"},"slayer_speed_rates":{"value":false,"temp_val":false},"slayer_speed_rates_location":{"value":[10,100,1,1],"temp_val":[10,100,1,1]},"blaze_tower_dinkdink":{"value":true,"temp_val":true},"slayer_progress_alert":{"value":false,"temp_val":false},"dulkir_thing_location":{"value":[10,150,1,1],"temp_val":[10,150,1,1]},"slayer_location_other":{"value":true,"temp_val":true},"emantp_disable":{"value":false,"temp_val":false},"boss_info_hotkey":{"value":true,"temp_val":true},"boss_keybind_default":{"value":"CHAR_NONE","temp_val":"CHAR_NONE"},"boss_bind_disable":{"value":false,"temp_val":false},"arachne_keeper_main":{"value":false,"temp_val":false},"arachne_keeper_box":{"value":false,"temp_val":false},"arachne_keeper_alert":{"value":false,"temp_val":false},"nested_endermite_alert":{"value":false,"temp_val":false}}},"soopyGui":{"enabled":true,"subSettings":{}},"spamHider":{"enabled":false,"subSettings":{}},"specialMining":{"enabled":false,"subSettings":{"chest_mining_info":{},"compact_powder_chat":{"value":false,"temp_val":false},"fix_chat_dpowder":{"value":false,"temp_val":false},"chat_dpowder_suffix":{"value":"&a(&b2X Powder&a)","temp_val":"&a(&b2X Powder&a)"},"powder_mining_hud":{"value":false,"temp_val":false},"powder_gui_element":{"value":false,"temp_val":true},"powder_mining_hud_location":{"value":[10,74,1,1],"temp_val":[10,74,1,1]},"reset_powder_data_command_info":{},"powder_per_hour_toggle":{"value":false,"temp_val":false},"chests_per_hour_toggle":{"value":false,"temp_val":false},"reset_powder_when_left_ch":{"value":false,"temp_val":false},"reset_powder_when_left_game":{"value":false,"temp_val":false},"chest_uncover_alert":{"value":false,"temp_val":false},"chest_unlock_help":{"value":false,"temp_val":true},"chest_uncover_alert_sound":{"value":false,"temp_val":false},"gemstone_message_hider":{"value":false,"temp_val":false},"gemstone_show_flawless":{"value":false,"temp_val":false},"compass_message_hider":{"value":false,"temp_val":false},"ascension_rope_hider":{"value":false,"temp_val":false},"show_area_treasure":{"value":false,"temp_val":false},"scatha_main":{"value":false,"temp_val":false},"scatha_mining_hud":{"value":false,"temp_val":false},"scatha_mining_hud_location":{"value":[10,50,1,1],"temp_val":[10,50,1,1]},"scatha_hp_hud":{"value":false,"temp_val":false},"scatha_hp_hud_location":{"value":[10,50,1,1],"temp_val":[10,50,1,1]},"scatha_cmd":{},"scatha_cmd2":{},"worm_spawned_alert":{"value":false,"temp_val":false},"worm_spawned_chat_message":{"value":false,"temp_val":false},"scatha_pet_dropped_alert":{"value":false,"temp_val":false}}},"statHistoryGui":{"enabled":true,"subSettings":{}},"stat_next_to_name":{"enabled":true,"subSettings":{"stat_next_to_name_description":{"value":true,"temp_val":true},"stat_selected_nexttoname":{"value":"weight","temp_val":"weight"},"api_key_stat_load":{"value":true,"temp_val":true}}},"streamsGUI":{"enabled":true,"subSettings":{}},"suggestionsGui":{"enabled":true,"subSettings":{}},"waypoints":{"enabled":false,"subSettings":{"create_waypoint":{},"delete_waypoint":{},"clear_waypoints":{},"save_waypoints":{},"load_waypoints":{},"waypoints_send_message":{"value":true,"temp_val":true},"load_waypoints_from_sendcoords":{"value":true,"temp_val":true},"minwaypoints":{"value":true,"temp_val":true},"order_waypoints_line":{"value":false,"temp_val":false}}}}