{
    "firstTime": false,
    "notifiedZeroPing": false,
    "speedDisplay": {
        "x": 0,
        "y": 0,
        "scale": 1
    },
    "party": {
        "x": 0,
        "y": 0
    },
    "crystalPB": 0,
    "runSplits": {
        "x": 0,
        "y": 0
    },
    "runOverview": {
        "x": 0,
        "y": 0
    },
    "dungeonWarpCooldown": {
        "x": 0,
        "y": 0,
        "scale": 1,
        "lastWarp": 1718315795082
    },
    "chMap": {
        "x": 0,
        "y": 0,
        "scale": 1,
        "headScale": 1
    },
    "bridge": {
        "regex": "Guild > \\[MVP\\+{1,2}\\] NecronBridge \\[\\w+\\]: ([^:]+): (.+)",
        "lastUpdated": 1703977604072
    },
    "stackTracker": {
        "x": 0,
        "y": 0
    },
    "toggleSprint": {
        "x": 0,
        "y": 0
    },
    "rngMeter": {
        "x": 0,
        "y": 0,
        "scale": 1,
        "data": {
            "M5": {
                "score": 50130,
                "needed": 0,
                "item": null
            },
            "F1": {
                "score": 1836,
                "item": "§6Recombobulator 3000",
                "needed": 10599
            },
            "F2": {
                "score": 0,
                "item": "§6Recombobulator 3000",
                "needed": 9450
            },
            "F3": {
                "score": 1348,
                "item": null,
                "needed": 0
            },
            "F4": {
                "score": 0,
                "item": "§6Recombobulator 3000",
                "needed": 8300
            },
            "F5": {
                "score": 19744,
                "item": null,
                "needed": 0
            },
            "F6": {
                "score": 10778,
                "item": null,
                "needed": 0
            },
            "F7": {
                "score": 69128,
                "item": "§5Necron's Handle",
                "needed": 274119
            },
            "M1": {
                "score": 0,
                "item": "§6Recombobulator 3000",
                "needed": 6450
            },
            "M2": {
                "score": 0,
                "item": "§6Recombobulator 3000",
                "needed": 6199
            },
            "M3": {
                "score": 22171,
                "item": null,
                "needed": 0
            },
            "M4": {
                "score": 29838,
                "item": null,
                "needed": 0
            },
            "M6": {
                "score": 7826,
                "item": "§6Giant's Sword",
                "needed": 135400
            },
            "M7": {
                "score": 46944,
                "item": null,
                "needed": 0
            }
        }
    },
    "terminalTimer": {
        "colors": 999999,
        "maze": 999999,
        "melody": 999999,
        "numbers": 999999,
        "redgreen": 999999,
        "rubix": 999999,
        "startsWith": 999999
    },
    "cellsAlignTimer": {
        "x": 0,
        "y": 0,
        "scale": 1
    },
    "dungeonChestProfit": {
        "x": 0,
        "y": 0,
        "scale": 0.5
    }
}