{
    "F1": {
        "§aEnchanted Book (§d§lUltimate Jerry I§a)": 31800,
        "§5Fuming Potato Book": 15900,
        "§aEnchanted Book (§d§lBank I§a)": 15900,
        "§6Recombobulator 3000": 10599,
        "§9Bonzo's Mask": 10599,
        "§9Red Nose": 10599,
        "§9Balloon Snake": 7950,
        "§5Hot Potato Book": 6360,
        "§aEnchanted Book (Infinite Quiver VI§a)": 3975,
        "§aEnchanted Book (Feather Falling VI§a)": 3975,
        "§9Necromancer's Brooch": 3180,
        "§aEnchanted Book (§d§lCombo I§a)": 2120,
        "§aEnchanted Book (§d§lNo Pain No Gain I§a)": 2120,
        "§aEnchanted Book (Rejuvenate I§a)": 1272,
        "§9Bonzo's Staff": 31800
    },
    "F2": {
        "§9Red Scarf": 18900,
        "§5Adaptive Blade": 9450,
        "§aEnchanted Book (§d§lBank I§a)": 9450,
        "§5Adaptive Belt": 6300,
        "§5Fuming Potato Book": 6300,
        "§9Scarf's Studies": 4725,
        "§5Hot Potato Book": 3780,
        "§aEnchanted Book (§d§lCombo I§a)": 3780,
        "§aEnchanted Book (§d§lNo Pain No Gain I§a)": 3780,
        "§9Necromancer's Brooch": 3780,
        "§aEnchanted Book (§d§lUltimate Wise I§a)": 1890,
        "§aEnchanted Book (Rejuvenate I§a)": 1260,
        "§6Recombobulator 3000": 9450
    },
    "F3": {
        "§5Adaptive Chestplate": 26100,
        "§5Adaptive Leggings": 26100,
        "§aEnchanted Book (§d§lUltimate Jerry II§a)": 26100,
        "§5Adaptive Helmet": 13050,
        "§5Adaptive Boots": 13050,
        "§5Fuming Potato Book": 8700,
        "§9Necromancer's Brooch": 6525,
        "§5Hot Potato Book": 5220,
        "§9Suspicious Vial": 5220,
        "§aEnchanted Book (§d§lCombo I§a)": 5220,
        "§aEnchanted Book (§d§lNo Pain No Gain I§a)": 5220,
        "§aEnchanted Book (§d§lUltimate Wise I§a)": 3262,
        "§aEnchanted Book (§d§lBank II§a)": 3262,
        "§aEnchanted Book (§d§lWisdom I§a)": 3262,
        "§aEnchanted Book (§d§lLast Stand I§a)": 2175,
        "§aEnchanted Book (Rejuvenate II§a)": 2175,
        "§6Recombobulator 3000": 6525
    },
    "F4": {
        "§5Spirit Sword": 24899,
        "§6Spirit Shortbow": 24899,
        "§5Spirit Boots": 24899,
        "§7[Lvl 1] §6Spirit": 24899,
        "§aEnchanted Book (§d§lUltimate Jerry II§a)": 24899,
        "§5Spirit Bone": 12449,
        "§9Spirit Stone": 12449,
        "§aEnchanted Book (§d§lRend II§a)": 12449,
        "§6Recombobulator 3000": 8300,
        "§5Fuming Potato Book": 8300,
        "§5Hot Potato Book": 4979,
        "§aEnchanted Book (§d§lCombo I§a)": 4979,
        "§aEnchanted Book (§d§lNo Pain No Gain I§a)": 4979,
        "§aEnchanted Book (§d§lUltimate Wise I§a)": 3112,
        "§aEnchanted Book (§d§lBank II§a)": 3112,
        "§aEnchanted Book (§d§lWisdom I§a)": 3112,
        "§aEnchanted Book (§d§lLast Stand I§a)": 2075,
        "§aEnchanted Book (Rejuvenate II§a)": 2075,
        "§5Spirit Wing": 12449
    },
    "F5": {
        "§6Last Breath": 114300,
        "§5Shadow Assassin Chestplate": 57150,
        "§9Warped Stone": 57150,
        "§6Livid Dagger": 28575,
        "§aEnchanted Book (§d§lUltimate Jerry III§a)": 28575,
        "§5Shadow Assassin Leggings": 22860,
        "§5Shadow Assassin Cloak": 22860,
        "§6Recombobulator 3000": 19050,
        "§5Shadow Assassin Helmet": 11430,
        "§5Shadow Assassin Boots": 7620,
        "§5Fuming Potato Book": 5715,
        "§aEnchanted Book (Overload I§a)": 5715,
        "§aEnchanted Book (§d§lLegion I§a)": 5715,
        "§aEnchanted Book (Lethality VI§a)": 5715,
        "§aEnchanted Book (§d§lCombo II§a)": 5715,
        "§aEnchanted Book (§d§lNo Pain No Gain II§a)": 5715,
        "§aEnchanted Book (§d§lBank III§a)": 5715,
        "§aEnchanted Book (§d§lWisdom II§a)": 4572,
        "§9Dark Orb": 3810,
        "§aEnchanted Book (§d§lUltimate Wise II§a)": 2857,
        "§aEnchanted Book (Rejuvenate III§a)": 2540,
        "§aEnchanted Book (§d§lLast Stand II§a)": 2540,
        "§6Shadow Fury": 114300
    },
    "F6": {
        "§6Precursor Eye": 266699,
        "§6Necromancer Lord Chestplate": 100012,
        "§9Summoning Ring": 80010,
        "§6Fel Skull": 53339,
        "§6Necromancer Sword": 40005,
        "§6Necromancer Lord Leggings": 26669,
        "§5Soulweaver Gloves": 26669,
        "§6Necromancer Lord Helmet": 20002,
        "§5Sadan's Brooch": 20002,
        "§aEnchanted Book (§d§lUltimate Jerry III§a)": 20002,
        "§5Giant Tooth": 16001,
        "§6Necromancer Lord Boots": 13334,
        "§6Recombobulator 3000": 8000,
        "§aEnchanted Book (§d§lSwarm I§a)": 5334,
        "§aEnchanted Book (§d§lNo Pain No Gain II§a)": 4572,
        "§aEnchanted Book (§d§lBank III§a)": 4572,
        "§5Fuming Potato Book": 4000,
        "§aEnchanted Book (§d§lCombo II§a)": 4000,
        "§aEnchanted Book (§d§lWisdom II§a)": 3556,
        "§aEnchanted Book (§d§lUltimate Wise II§a)": 2424,
        "§aEnchanted Book (Rejuvenate III§a)": 2105,
        "§aEnchanted Book (§d§lLast Stand II§a)": 2105,
        "§6Giant's Sword": 160020
    },
    "F7": {
        "§cStorm the Fish": 411180,
        "§cMaxor the Fish": 411180,
        "§cGoldor the Fish": 411180,
        "§5Shadow Warp": 205590,
        "§5Wither Shield": 205590,
        "§5Implosion": 205590,
        "§6Auto Recombobulator": 51397,
        "§6Wither Chestplate": 51397,
        "§aEnchanted Book (§d§lOne For All I§a)": 51397,
        "§6Wither Leggings": 12849,
        "§aEnchanted Book (Feather Falling VII§a)": 12849,
        "§6Recombobulator 3000": 10279,
        "§5Fuming Potato Book": 10279,
        "§9Wither Catalyst": 10279,
        "§aEnchanted Book (§d§lNo Pain No Gain II§a)": 10279,
        "§5Wither Cloak Sword": 8566,
        "§6Wither Helmet": 8566,
        "§5Wither Blood": 8566,
        "§6Wither Boots": 8566,
        "§aEnchanted Book (§d§lBank III§a)": 8223,
        "§aEnchanted Book (§d§lWisdom II§a)": 8223,
        "§aEnchanted Book (§d§lUltimate Jerry III§a)": 6853,
        "§aEnchanted Book (§d§lSoul Eater I§a)": 5139,
        "§5Hot Potato Book": 5139,
        "§aEnchanted Book (§d§lUltimate Wise II§a)": 5139,
        "§aEnchanted Book (§d§lCombo II§a)": 4111,
        "§aEnchanted Book (Rejuvenate III§a)": 4111,
        "§5Necron's Handle": 274119
    },
    "M1": {
        "§9Bonzo's Staff": 25800,
        "§aEnchanted Book (§d§lUltimate Jerry I§a)": 25800,
        "§5Fuming Potato Book": 12900,
        "§aEnchanted Book (§d§lBank I§a)": 12900,
        "§fMaster Skull - Tier 1": 8600,
        "§9Bonzo's Mask": 8600,
        "§9Balloon Snake": 8600,
        "§6Recombobulator 3000": 6450,
        "§9Red Nose": 6450,
        "§5Hot Potato Book": 5160,
        "§aEnchanted Book (Infinite Quiver VI§a)": 4300,
        "§aEnchanted Book (Feather Falling VI§a)": 4300,
        "§aEnchanted Book (§d§lCombo I§a)": 2580,
        "§aEnchanted Book (§d§lNo Pain No Gain I§a)": 2580,
        "§9Necromancer's Brooch": 2580,
        "§aEnchanted Book (Rejuvenate I§a)": 1720
    },
    "M2": {
        "§9Red Scarf": 18600,
        "§5Adaptive Blade": 9300,
        "§aEnchanted Book (§d§lBank I§a)": 9300,
        "§6Recombobulator 3000": 6199,
        "§fMaster Skull - Tier 2": 6199,
        "§5Adaptive Belt": 6199,
        "§5Fuming Potato Book": 6199,
        "§9Scarf's Studies": 4650,
        "§5Hot Potato Book": 3720,
        "§aEnchanted Book (§d§lCombo I§a)": 3720,
        "§aEnchanted Book (§d§lNo Pain No Gain I§a)": 3720,
        "§9Necromancer's Brooch": 3720,
        "§aEnchanted Book (§d§lUltimate Wise I§a)": 1860,
        "§aEnchanted Book (Rejuvenate I§a)": 1860
    },
    "M3": {
        "§5Adaptive Chestplate": 23700,
        "§5Adaptive Leggings": 23700,
        "§aEnchanted Book (§d§lUltimate Jerry II§a)": 23700,
        "§5First Master Star": 11850,
        "§5Adaptive Helmet": 11850,
        "§5Adaptive Boots": 11850,
        "§5Fuming Potato Book": 7900,
        "§6Recombobulator 3000": 5925,
        "§aMaster Skull - Tier 3": 5925,
        "§9Necromancer's Brooch": 5925,
        "§5Hot Potato Book": 4740,
        "§9Suspicious Vial": 4740,
        "§aEnchanted Book (§d§lCombo I§a)": 4740,
        "§aEnchanted Book (§d§lNo Pain No Gain I§a)": 4740,
        "§aEnchanted Book (§d§lUltimate Wise I§a)": 3950,
        "§aEnchanted Book (§d§lBank II§a)": 3950,
        "§aEnchanted Book (§d§lWisdom I§a)": 3950,
        "§aEnchanted Book (§d§lLast Stand I§a)": 2962,
        "§aEnchanted Book (Rejuvenate II§a)": 2962
    },
    "M4": {
        "§5Spirit Sword": 21900,
        "§6Spirit Shortbow": 21900,
        "§5Spirit Boots": 21900,
        "§7[Lvl 1] §6Spirit": 21900,
        "§aEnchanted Book (§d§lUltimate Jerry II§a)": 21900,
        "§5Second Master Star": 10950,
        "§5Spirit Wing": 10950,
        "§5Spirit Bone": 10950,
        "§9Spirit Stone": 10950,
        "§aEnchanted Book (§d§lRend II§a)": 10950,
        "§6Recombobulator 3000": 7300,
        "§aMaster Skull - Tier 3": 7300,
        "§5Fuming Potato Book": 7300,
        "§aEnchanted Book (§d§lNo Pain No Gain I§a)": 5475,
        "§5Hot Potato Book": 4380,
        "§aEnchanted Book (§d§lCombo I§a)": 4380,
        "§aEnchanted Book (§d§lUltimate Wise I§a)": 3650,
        "§aEnchanted Book (§d§lBank II§a)": 3650,
        "§aEnchanted Book (§d§lWisdom I§a)": 3650,
        "§aEnchanted Book (§d§lLast Stand I§a)": 2737,
        "§aEnchanted Book (Rejuvenate II§a)": 2737
    },
    "M5": {
        "§6Shadow Fury": 97500,
        "§6Last Breath": 97500,
        "§5Shadow Assassin Chestplate": 48750,
        "§5Third Master Star": 48750,
        "§9Warped Stone": 48750,
        "§6Livid Dagger": 24375,
        "§aEnchanted Book (§d§lUltimate Jerry III§a)": 24375,
        "§5Shadow Assassin Leggings": 19500,
        "§5Shadow Assassin Cloak": 19500,
        "§aMaster Skull - Tier 4": 19500,
        "§6Recombobulator 3000": 16250,
        "§5Shadow Assassin Helmet": 9750,
        "§aEnchanted Book (§d§lBank III§a)": 9750,
        "§aEnchanted Book (§d§lWisdom II§a)": 8125,
        "§5Shadow Assassin Boots": 6499,
        "§aEnchanted Book (§d§lCombo II§a)": 6499,
        "§aEnchanted Book (§d§lNo Pain No Gain II§a)": 6499,
        "§5Fuming Potato Book": 4875,
        "§aEnchanted Book (Overload I§a)": 4875,
        "§aEnchanted Book (§d§lLegion I§a)": 4875,
        "§aEnchanted Book (Lethality VI§a)": 4875,
        "§9Dark Orb": 3249,
        "§aEnchanted Book (§d§lUltimate Wise II§a)": 3249,
        "§aEnchanted Book (Rejuvenate III§a)": 2785,
        "§aEnchanted Book (§d§lLast Stand II§a)": 2785
    },
    "M6": {
        "§6Precursor Eye": 270800,
        "§6Giant's Sword": 135400,
        "§6Necromancer Lord Chestplate": 101550,
        "§5Fourth Master Star": 81240,
        "§9Summoning Ring": 81240,
        "§aMaster Skull - Tier 4": 81240,
        "§6Fel Skull": 54160,
        "§6Necromancer Sword": 40620,
        "§6Necromancer Lord Leggings": 27080,
        "§5Soulweaver Gloves": 27080,
        "§6Necromancer Lord Helmet": 20310,
        "§5Sadan's Brooch": 20310,
        "§aEnchanted Book (§d§lUltimate Jerry III§a)": 20310,
        "§5Giant Tooth": 16247,
        "§6Necromancer Lord Boots": 13540,
        "§6Recombobulator 3000": 6770,
        "§aEnchanted Book (§d§lSwarm I§a)": 5415,
        "§aEnchanted Book (§d§lNo Pain No Gain II§a)": 4642,
        "§aEnchanted Book (§d§lBank III§a)": 4642,
        "§5Fuming Potato Book": 4061,
        "§aEnchanted Book (§d§lCombo II§a)": 4061,
        "§aEnchanted Book (§d§lWisdom II§a)": 3610,
        "§aEnchanted Book (§d§lUltimate Wise II§a)": 2461,
        "§aEnchanted Book (Rejuvenate III§a)": 2137,
        "§aEnchanted Book (§d§lLast Stand II§a)": 2137
    },
    "M7": {
        "§6Necron Dye": 1389600,
        "§cStorm the Fish": 833760,
        "§cMaxor the Fish": 833760,
        "§cGoldor the Fish": 833760,
        "§6Dark Claymore": 416880,
        "§5Necron's Handle": 231599,
        "§aEnchanted Book (Thunderlord VII§a)": 208440,
        "§9Master Skull - Tier 5": 173700,
        "§5Shadow Warp": 166752,
        "§5Wither Shield": 166752,
        "§5Implosion": 166752,
        "§5Fifth Master Star": 138960,
        "§6Auto Recombobulator": 52110,
        "§6Wither Chestplate": 52110,
        "§aEnchanted Book (§d§lOne For All I§a)": 52110,
        "§6Wither Leggings": 13027,
        "§aEnchanted Book (Feather Falling VII§a)": 13027,
        "§5Fuming Potato Book": 10422,
        "§9Wither Catalyst": 10422,
        "§aEnchanted Book (§d§lNo Pain No Gain II§a)": 10422,
        "§5Wither Cloak Sword": 8685,
        "§6Wither Helmet": 8685,
        "§5Wither Blood": 8685,
        "§6Wither Boots": 8685,
        "§6Recombobulator 3000": 8337,
        "§aEnchanted Book (§d§lBank III§a)": 8337,
        "§aEnchanted Book (§d§lWisdom II§a)": 8337,
        "§aEnchanted Book (§d§lUltimate Jerry III§a)": 6948
    }
}